{"cameraMode":{"drawMode":0,"name":"Shaded","section":"Shading Mode"},"sceneLighting":false,"audioPlay":false,"sceneViewState":{"m_AlwaysRefresh":false,"showFog":true,"showSkybox":false,"showFlares":true,"showImageEffects":true,"showParticleSystems":true,"showVisualEffectGraphs":true,"m_FxEnabled":true},"in2DMode":false,"pivot":{"x":-8.024643898010254,"y":6.572072982788086,"z":4.090812683105469},"rotation":{"x":-0.10362780839204788,"y":-0.0017706422368064523,"z":0.0000976557785179466,"w":-0.9946539402008057},"size":5.241640090942383,"orthographic":false}