{"cameraMode":{"drawMode":0,"name":"Shaded","section":"Shading Mode"},"sceneLighting":true,"audioPlay":false,"sceneViewState":{"m_AlwaysRefresh":false,"showFog":true,"showSkybox":true,"showFlares":true,"showImageEffects":true,"showParticleSystems":true,"showVisualEffectGraphs":true,"m_FxEnabled":true},"in2DMode":false,"pivot":{"x":-1.3951027393341065,"y":2.0177924633026125,"z":4.456694602966309},"rotation":{"x":-0.13181370496749879,"y":0.1522349715232849,"z":-0.020629439502954484,"w":-0.9793521165847778},"size":17.350887298583986,"orthographic":false}